{
    "components": [
        {
            "cachedName": "LWJGL 2",
            "cachedVersion": "2.9.4-nightly-20150209",
            "cachedVolatile": true,
            "dependencyOnly": true,
            "uid": "org.lwjgl",
            "version": "2.9.4-nightly-20150209"
        },
        {
            "cachedName": "Minecraft",
            "cachedRequires": [
                {
                    "suggests": "2.9.4-nightly-20150209",
                    "uid": "org.lwjgl"
                }
            ],
            "cachedVersion": "1.4.7",
            "important": true,
            "uid": "net.minecraft",
            "version": "1.4.7"
        },
        {
            "cachedName": "modpack (jar mod)",
            "uid": "org.multimc.jarmod.0e0d681d-927f-4334-9586-5bbd73f3c12f"
        }
    ],
    "formatVersion": 1
}
