{
    "components": [
        {
            "cachedName": "LWJGL 2",
            "cachedVersion": "2.9.4-nightly-20150209",
            "cachedVolatile": true,
            "dependencyOnly": true,
            "uid": "org.lwjgl",
            "version": "2.9.4-nightly-20150209"
        },
        {
            "cachedName": "Minecraft",
            "cachedRequires": [
                {
                    "suggests": "2.9.4-nightly-20150209",
                    "uid": "org.lwjgl"
                }
            ],
            "cachedVersion": "b1.7.3",
            "important": true,
            "uid": "net.minecraft",
            "version": "b1.7.3"
        },
        {
            "cachedName": "BitDepthFix 1.7.3  (jar mod)",
            "uid": "org.multimc.jarmod.9241e711-f89a-4ab3-8dc7-cf847fe16c08"
        },
        {
            "cachedName": "ModLoader B1.7.3 (jar mod)",
            "uid": "org.multimc.jarmod.5e8e69e2-f742-47f5-8e4f-9045be0fbc1b"
        },
        {
            "cachedName": "ModLoaderMp 1.7.3 Unofficial v2 (jar mod)",
            "uid": "org.multimc.jarmod.3eb55114-53d5-4f0f-8d2b-42e34e0163fc"
        },
        {
            "cachedName": "reforged-client-1.0.2 (jar mod)",
            "uid": "org.multimc.jarmod.a064a36a-a4a5-40d1-b834-c2dc1b506ae0"
        },
        {
            "cachedName": "AudioMod B1.7.3 (jar mod)",
            "uid": "org.multimc.jarmod.9162c519-03a0-425d-adc7-10a3d5be2a0a"
        },
        {
            "cachedName": "IndustrialCraft-Client_v8.55_02 (jar mod)",
            "uid": "org.multimc.jarmod.5044edca-d007-4cff-9fa8-24541ec0dab9"
        },
        {
            "cachedName": "TooManyItems2011_07_01 (jar mod)",
            "uid": "org.multimc.jarmod.f2010176-395c-404f-a3e9-e54c26041de8"
        },
        {
            "cachedName": "ZanMinimap0.10.5-1.7.3 (jar mod)",
            "uid": "org.multimc.jarmod.e6c28438-bc9b-4fb0-91c8-2895e72d95c9"
        },
        {
            "cachedName": "BetaEvolutionsFull (jar mod)",
            "uid": "org.multimc.jarmod.53426527-68f3-4dbc-9a0b-c15da38e3e98"
        }
    ],
    "formatVersion": 1
}
