{
    "components": [
        {
            "cachedName": "LWJGL 2",
            "cachedVersion": "2.9.4-nightly-20150209",
            "cachedVolatile": true,
            "dependencyOnly": true,
            "uid": "org.lwjgl",
            "version": "2.9.4-nightly-20150209"
        },
        {
            "cachedName": "Minecraft",
            "cachedRequires": [
                {
                    "suggests": "2.9.4-nightly-20150209",
                    "uid": "org.lwjgl"
                }
            ],
            "cachedVersion": "1.4.7",
            "important": true,
            "uid": "net.minecraft",
            "version": "1.4.7"
        },
        {
            "cachedName": "Forge",
            "cachedRequires": [
                {
                    "equals": "1.4.7",
                    "uid": "net.minecraft"
                }
            ],
            "cachedVersion": "6.6.2.534",
            "uid": "net.minecraftforge",
            "version": "6.6.2.534"
        },
        {
            "cachedName": "RenderPlayerAPI (jar mod)",
            "uid": "org.multimc.jarmod.4aa19943-8a70-4dd6-b3e9-6332086f5915"
        },
        {
            "cachedName": "OptiFine_1.4.6_HD_U_D5 (jar mod)",
            "uid": "org.multimc.jarmod.4e17c552-8eab-4bb2-a583-80b90a59fcbb"
        },
        {
            "cachedName": "ShaderMod (jar mod)",
            "uid": "org.multimc.jarmod.1a6bb762-fafb-43be-aca5-eef81e4d9268"
        }
    ],
    "formatVersion": 1
}
