{
    "components": [
        {
            "cachedName": "Minecraft",
            "cachedVersion": "1.21.4",
            "important": true,
            "uid": "net.minecraft",
            "version": "1.21.4"
        },
        {
            "cachedName": "NeoForge",
            "cachedRequires": [
                {
                    "equals": "1.21.4",
                    "uid": "net.minecraft"
                }
            ],
            "cachedVersion": "21.4.10-beta",
            "uid": "net.neoforged",
            "version": "21.4.10-beta"
        }
    ],
    "formatVersion": 1
}
